index	label	sequence
1	1	VPKVK
2	1	QSLVYP
3	1	WPEAAELMMEVDP
4	1	GRVMP
5	1	VVYPWYERF
6	1	ERGDT
7	1	PNNKPFQ
8	1	PAHIAW
9	1	ARPAK
10	1	PQTLALP
11	1	VVYPWTQRF
12	1	GQKSVPEVR
13	1	PCHIAW
14	1	KFHSGIQSEPKAIP
15	1	CVTPALR
16	1	AHIII
17	1	QNLLRF
18	1	VPYPQRDMPIQA
19	1	YKVPQL
20	1	NAQRP
21	1	WALKGYK
22	1	IRWCT
23	1	IEPQG
24	1	EPKAIP
25	1	VVLYK
26	1	LKGYGGVSLPEW
27	1	YGFLP
28	1	RIGLF
29	1	IRYLPRG
30	1	RLSGQTIEVTSEYLFRH
31	1	TPWVPPFLQP
32	1	RMLGQTPTK
33	1	VHLAP
34	1	GAPGPAGPGGIPGERG
35	1	FQKVVAG
36	1	EVLNENLLRF
37	1	PSSNK
38	1	ITTNP
39	1	FTESQS
40	1	YAKPVA
41	1	VAHINVGK
42	1	YGLYP
43	1	KLPAGTLF
44	1	FRGLMHY
45	1	LVVYPWTQR
46	1	PNRIKYGD
47	1	KKYMVPQL
48	1	LDIQK
49	1	LPPPVH
50	1	LVYPFTGPIPN
51	1	KVREGTTY
52	1	TTMPLW
53	1	YRGGLEPINF
54	1	LKELQ
55	1	VRTPE
56	1	GVHHA
57	1	QNIPP
58	1	RPKHPIIKKHQGLPQ
59	1	VRKGQ
60	1	WSVPQPK
61	1	LHLPLL
62	1	FVVAPFPEVF
63	1	APFPE
64	1	MPFPKYPVEP
65	1	IRPVN
66	1	IHAQQKEP
67	1	GASRHWYFL
68	1	VCYNQ
69	1	LFDKPVSPL
70	1	VAGTW
71	1	LKKISQ
72	1	INDPF
73	1	EDPGA
74	1	SGTVPGG
75	1	GAVGPSG
76	1	VAHINVWK
77	1	LGYEN
78	1	AKDQG
79	1	PKDLREN
80	1	LHEPG
81	1	LNENLLRFFVAPFPEVFG
82	1	ALPMH
83	1	FRVPTPN
84	1	LHSMKEG
85	1	QHTDD
86	1	NIFYCP
87	1	CVQSCSFGPLTWSCDGNTK
88	1	VPPRIDSGLYLGSGY
89	1	VHLPP
90	1	MLPAY
91	1	SRGKQ
92	1	LSPQSY
93	1	IEWEG
94	1	VVPPFIQPE
95	1	ENLHLP
96	1	SIQSQPQAFP
97	1	TIIPLPV
98	1	YPFGPIPN
99	1	LKPMN
100	1	KVAGPK
101	1	IAYKPAG
102	1	QLDAYPSGAWYYVP
103	1	GVYPHP
104	1	FGASTRGA
105	1	WVPSV
106	1	FFVAPFPGVFGK
107	1	LQYIR
108	1	YQKFPQYLQY
109	1	VSGAGRY
110	1	DKVGINYW
111	1	VGLPIF
112	1	YQNPRLGPTGELDPATQPIVAVHNPVIV
113	1	VKELQ
114	1	LRCGG
115	1	RELEEL
116	1	VVYPW
117	1	DVPSERYLG
118	1	KEDDEEEEQEEE
119	1	PGQLQSF
120	1	LSMGSASLSP
121	1	TQPKTNAIPY
122	1	YYAPFE
123	1	LNVPGE
124	1	SLVYP
125	1	ESIIAF
126	1	TKTGRSAHVLSRYRPRA
127	1	KPPQYV
128	1	EGEPR
129	1	LLYQEP
130	1	GPIGPP
131	1	LHLPYP
132	1	LNVPGEIVE
133	1	LRIPVA
134	1	AFPRS
135	1	PRKEKLCTTS
136	1	DHPFLF
137	1	YRNTQ
138	1	GKKVLQ
139	1	VELWP
140	1	IDALNENK
141	1	NLDTDL
142	1	EWPRPQIPP
143	1	QHEAT
144	1	VVPPA
145	1	AKYSY
146	1	HKEMPFPKYPVQPF
147	1	MEGAQEAQGD
148	1	TLDGGFIYEAGLAPYKLRPV
149	1	EKSYELP
150	1	LVNDLVTPVFDNL
151	1	VIGSPPEIN
152	1	QKPRN
153	1	EDENNPFYLR
154	1	PTHIK
155	1	VIPEL
156	1	LLYQEPVLGPVRGPFPIIV
157	1	ERYPI
158	1	IWHHTF
159	1	VKAGF
160	1	LIYPFVEPIP
161	1	RELEE
162	1	DMSVF
163	1	KLKFV
164	1	YPVQPFTE
165	1	KVLPVQ
166	1	LHLPAP
167	1	VKHTT
168	1	PLESPGGTMAPQ
169	1	YYVPLGTQ
170	1	VYHEL
171	1	LAHKAL
172	1	QIGLF
173	1	VPQPIP
174	1	IKPVA
175	1	PLIYP
176	1	PTHIW
177	1	VLPIP
178	1	VKEAMAPK
179	1	AYPQQ
180	1	WPPRPQIPP
181	1	FRADPFL
182	1	YLYEIARR
183	1	VKNDT
184	1	IPAIN
185	1	TKVIP
186	1	VSKVKET
187	1	AVRSPAQILQ
188	1	LSKDIGSESTEDQAMED
189	1	GPAGAP
190	1	SLVLPVPE
191	1	TAQVTSTEV
192	1	PDHIAW
193	1	KRVIQY
194	1	PQFYW
195	1	LPQYLKTVYQHQKA
196	1	IAIPP
197	1	ITTNPY
198	1	VHYEA
199	1	DMIPAQK
200	1	PKIDAMREKVLA
201	1	KVREGGY
202	1	LQPSS
203	1	AATENM
204	1	DYGLYP
205	1	MMEPMVK
206	1	WLAHK
207	1	LLNPPHQIYP
208	1	AEFGS
209	1	MNVKHWPWMK
210	1	NNVMLQW
211	1	VLYRDG
212	1	PTHKAW
213	1	AYFTPE
214	1	RPKHP
215	1	GYALPHA
216	1	YPFPGPIPK
217	1	FSDKIAKYIPIQ
218	1	FCVLRP
219	1	GAWYYVPL
220	1	GTEKC
221	1	MDFLI
222	1	VLPYPV
223	1	FQKVVAK
224	1	LAYFYPEL
225	1	AVPYP
226	1	PQEVLP
227	1	IGNTLI
228	1	DRVYIHPFHL
229	1	LPYPYY
230	1	FRAHPFL
231	1	RMLGNTPTK
232	1	VPSERY
233	1	GPAGAPGAA
234	1	KDERF
235	1	IPPGVPYWT
236	1	VIGSPPQIN
237	1	NLLRF
238	1	RRWQWR
239	1	LQQGG
240	1	FFVAPFPFEVFGK
241	1	FVNPQAGS
242	1	KHLPLP
243	1	VDFEG
244	1	FALPQYLK
245	1	TPTQQS
246	1	KKIIAEKTKIPAVFK
247	1	WHHTF
248	1	PKAIP
249	1	GPIGSVGAP
250	1	IKPLDY
251	1	IWHHT
252	1	YANPAVVRP
253	1	SKPHT
254	1	GPFPILV
255	1	VAWKL
256	1	LRKKQ
257	1	APSAK
258	1	SVAKLE
259	1	VAHIPS
260	1	FVNPEAGS
261	1	TGPIPN
262	1	VIEPR
263	1	PVQALLLNQELLLNP
264	1	LQEDG
265	1	MRKDQ
266	1	ERKIKVYL
267	1	ITRTQ
268	1	KHIQKEDVPSER
269	1	TGGGNA
270	1	VKKTC
271	1	VTVNPYKWLP
272	1	AYFYPE
273	1	LAYFYP
274	1	NIDTDL
275	1	PTHDAW
276	1	IKPLNY
277	1	NQFLP
278	1	VPFGVG
279	1	FRHEA
280	1	FEDYVPLSCF
281	1	LQPHQ
282	1	SKVYPFPGPI
283	1	LTDVEN
284	1	GVPKVKETMVPKH
285	1	EEAGG
286	1	LQQQP
287	1	GLPLNLP
288	1	VTSTAV
289	1	NAGPFTPTVNREQLSTS
290	1	PVNNPQIH
291	1	LDAQSAPLR
292	1	TTENVLFG
293	1	PANLPWGSSNV
294	1	LEFNQ
295	1	IVGRPR
296	1	MNPPK
297	1	DLENLHLPLP
298	1	IVPNSVEQKH
299	1	LLPPY
300	1	IHETT
301	1	HLPLP
302	1	AYEES
303	1	EGPKLVAS
304	1	KVGTKCCAKP
305	1	PAVVLP
306	1	RADHFL
307	1	RPRHQG
308	1	PYKWLP
309	1	IVGRRRHQG
310	1	LVYPFP
311	1	QSWMHQPHQPLPPTVM
312	1	FLGYSIYLNRKRRGDPAFKRRLRD
313	1	SCHTG
314	1	KFAWPQ
315	1	IRRGQ
316	1	LHLPLP
317	1	FFGRCVSP
318	1	LRPVAA
319	1	YALPHA
320	1	PQPIP
321	1	TGPIPNSLPQ
322	1	SKVLPVPQK
323	1	VLVLDTDYK
324	1	VQVTSTAV
325	1	GHKIATFQER
326	1	GPPGTDGAP
327	1	VFEWAFAR
328	1	QEEVN
329	1	KALPMHIRLAF
330	1	KVLPVP
331	1	AQTQSL
332	1	KPVAAP
333	1	GQMRQPI
334	1	IELPLG
335	1	LKKYKVPQ
336	1	AAATP
337	1	LHLPS
338	1	IPAQK
339	1	ANSSIL
340	1	VKAGE
341	1	KPPETV
342	1	DKIYPSFQPQPLIYP
343	1	QVSLNSGYY
344	1	FHERDPTHIKWGD
345	1	IMVAEAR
346	1	GPCSR
347	1	AVNPIR
348	1	PLPLL
349	1	PTHVAW
350	1	RYLGY
351	1	VYPFPGPIHN
352	1	FLPVLLH
353	1	AYIASKGL
354	1	GIPGERGPVGPSG
355	1	LRRGQ
356	1	FAQTQS
357	1	EVMAGNYLPG
358	1	ACKEP
359	1	NLHLP
360	1	IRAQQ
361	1	GCETR
362	1	NIDTDI
363	1	LHGPYP
364	1	IFVPAF
365	1	VGINYWLAHKHK
366	1	STHGVW
367	1	PGTAVFK
368	1	FLVPP
369	1	LYRNG
370	1	GVYPHK
371	1	VLPIPQ
372	1	LKPTPQGN
373	1	ICRDL
374	1	IDPNG
375	1	PSFLSGF
376	1	YRSTQ
377	1	LYPVK
378	1	LKDAQ
379	1	VEELKP
380	1	LEIVPK
381	1	PTFIAW
382	1	CMENSA
383	1	MAIPPKK
384	1	QNILP
385	1	VYVEELKPTPEGDLEILLQK
386	1	TCRGLERA
387	1	IASGEPTSTPTTEA
388	1	VPKVKE
389	1	VELYP
390	1	LYKNG
391	1	AAPLAP
392	1	PVGLVQPASATLYDY
393	1	IKELQ
394	1	EKERERQ
395	1	NWGPLV
396	1	LLMLDNDLPP
397	1	ARHEI
398	1	YGFLPILP
399	1	SAYPGQITSN
400	1	AIPPKKNQDKTEIPTIN
401	1	LPILR
402	1	QQPHSRSKGFPGP
403	1	DDTGHNFENTGEAM
404	1	HQIYP
405	1	YVPHWDL
406	1	APVPP
407	1	YGLVAGTW
408	1	PTHIKWD
409	1	VLNENL
410	1	HQAAGW
411	1	TKIVP
412	1	FVAPFP
413	1	FGGIDDINQIGQSD
414	1	GVNGEEGVPG
415	1	LKPTPEGN
416	1	RPKHPI
417	1	VAMPF
418	1	EVMAGNLYPG
419	1	NLAPFL
420	1	YPWTQR
421	1	IPPVPP
422	1	QPGPT
423	1	PQNILP
424	1	LALPP
425	1	MHYGN
426	1	TTMLIQDEDDLEMA
427	1	HLPLPL
428	1	ARCRG
429	1	VDSDVVKG
430	1	ISHIYVWK
431	1	ELFTT
432	1	DPALATEPDPMPF
433	1	LTWNS
434	1	PSGQYY
435	1	FYPEL
436	1	GVGAGY
437	1	TYLGS
438	1	RMLGQYPYK
439	1	AHEPVK
440	1	VYPFPG
441	1	VRLPT
442	1	LKPDM
443	1	VKETT
444	1	PKHKEMPFPPKYPVEPFT
445	1	RDMPIQAF
446	1	EKDERF
447	1	NLDTDI
448	1	RMLGQ
449	1	IYSNN
450	1	PQRDMP
451	1	QKALNEINQF
452	1	WQVLPNAVPAK
453	1	AKYCY
454	1	IEFEQ
455	1	YLVPQL
456	1	DKIHPF
457	1	KVHSSIQSQPQAFT
458	1	YSQQQQ
459	1	FFGVRCVSP
460	1	EPIPYGFLP
461	1	GIHETTY
462	1	RYPSYG
463	1	FYTGG
464	1	QEVLP
465	1	IGYNQ
466	1	MLLCS
467	1	LTQTPVVPP
468	1	YTAGV
469	1	VIEKYP
470	1	AMKPWIQPK
471	1	MIFPGGPQL
472	1	QPQAFP
473	1	NGTWFEPP
474	1	VLPVPR
475	1	PGPDAAGPA
476	1	LPILRYL
477	1	KEDEEEEQGEEE
478	1	APGAGVY
479	1	YKWLP
480	1	DVENLHLPLPLLQSW
481	1	LLWQQPVLGPVRGPFPIIV
482	1	PGPIP
483	1	VECYGPNRPQF
484	1	GAAELPCSADWW
485	1	ALPHA
486	1	LHLYLP
487	1	ITRINKK
488	1	PTHIAW
489	1	PEVIESPPEI
490	1	VLIVP
491	1	AVPYPQ
492	1	IQYCA
493	1	PAGNPGADGQPGAKGANGAP
494	1	FTDVDFIK
495	1	RADHP
496	1	YYPQIMQY
497	1	YQEPVLQPVR
498	1	REKVLASS
499	1	AITAKL
500	1	PVPQP
501	1	AFKAWAVAR
502	1	GVHGV
503	1	LHREN
504	1	VKEDQ
505	1	KPVAL
506	1	GIPGAP
507	1	MIFPGAGGPEL
508	1	QNALIVRYTR
509	1	LQQQQ
510	1	LVQGS
511	1	IGGSI
512	1	HWTTQR
513	1	IIAMK
514	1	LNECQ
515	1	KVLAGM
516	1	VRMPQ
517	1	DFHING
518	1	GPRGF
519	1	QSLTL
520	1	TDVEK
521	1	LLYQQPVLGPVRGPFPIV
522	1	VPAAPPK
523	1	QVPQPIP
524	1	YIHPF
525	1	GLDIQK
526	1	VFGKEK
527	1	AKLPSW
528	1	VHLPPP
529	1	YPLDLF
530	1	GLPGSRGERGLPG
531	1	PPEIN
532	1	RPQIPP
533	1	GGRPTY
534	1	GFPTLKIF
535	1	QLLKLK
536	1	KHRDTSEPGACVMILYF
537	1	MMVPI
538	1	IKPFR
539	1	PAGPVG
540	1	KDYRL
541	1	SPPPFYL
542	1	VAGTWY
543	1	DIKQME
544	1	LEKTG
545	1	KVLPLP
546	1	DHPFL
547	1	FPPQSVL
548	1	RVAPEEHPT
549	1	AVKQPAVVYP
550	1	LVYPFPGPIH
551	1	SKVLPVPE
552	1	TPSPR
553	1	MLVFAV
554	1	GPQGPT
555	1	IPIQY
556	1	ARDLPGQ
557	1	YYAPF
558	1	LHLWLP
559	1	QLGFLGPR
560	1	YQQPVL
561	1	AYTGV
562	1	SFHPYFSY
563	1	AFVGYVLP
564	1	MCESASSK
565	1	PSKIKWGD
566	1	ESIINF
567	1	LAIPVNKP
568	1	IYPRY
569	1	AYKRQ
570	1	LHLPLR
571	1	AKYIPIQYVLSRYPSY
572	1	TRDQQ
573	1	DFHINQ
574	1	VYNEGLPAP
575	1	IAYKP
576	1	LLLAHLL
577	1	MVGSAPGVL
578	1	STYQT
579	1	TKKTKLTEEEKNRL
580	1	GHKIATFQQR
581	1	TVYTKGRVMP
582	1	FREGD
583	1	RLPSEFDLSAFLRA
584	1	VPGEIVESLS
585	1	CWLPVY
586	1	IVGRPRHEE
587	1	DLRPDNAKA
588	1	GFPGTPGLPGF
589	1	IQHST
590	1	MRWRD
591	1	PTHGAW
592	1	YPSYGLNYY
593	1	ISSSK
594	1	LEIAKNGLSTTSNPKR
595	1	KFALPQ
596	1	YREERYPIL
597	1	GPSMR
598	1	TKIPA
599	1	YPGIA
600	1	VRWCT
601	1	AQGERHR
602	1	NVPGEIVESL
603	1	GPLGLLGFLGPLGLS
604	1	TPVSPR
605	1	PASEGAGPA
606	1	LANVST
607	1	DLTDY
608	1	LIWKL
609	1	SKVYP
610	1	ACPGPNPGRP
611	1	VLPYP
612	1	PQPYW
613	1	AVPYPQP
614	1	AGAHPAG
615	1	NRVYVHPF
616	1	WYSLAMA
617	1	LIPPGVPY
618	1	RPLKPW
619	1	RDLPG
620	1	LSSSEESTRINKKIEKFQSEEQQQYEDELQDKIHPFAQTQSLVYPFPGPIPNSLPQNIPPLTQTPVVVPPFLQPEVMGVSK
621	1	KKYNVPQL
622	1	LGFPTTKTYFPHF
623	1	PTHIKW
624	1	KVREGT
625	1	TRGKQ
626	1	DMPIQ
627	1	VLVPV
628	1	PYVRYL
629	1	VVVPP
630	1	YFYPEL
631	1	VRPEK
632	1	DENSKF
633	1	IVGRPRHQG
634	1	ALAFQ
635	1	FRQFYQL
636	1	YPFPPL
637	1	PANIKWGD
638	1	MAIPPK
639	1	KVREEY
640	1	YPFPGPIN
641	1	DLQGK
642	1	TYTPT
643	1	ADVFNPR
644	1	DYVGN
645	1	VTPALR
646	1	WVPSVY
647	1	GGVIPN
648	1	IQWCA
649	1	WPERPPQIP
650	1	NMAINPSK
651	1	LGTQY
652	1	HLPPPV
653	1	PPQSVLSLSQSKVLPVPQ
654	1	IGDEPLANYL
655	1	PLTQTP
656	1	LKDTQ
657	1	FFVAP
658	1	YLEPA
659	1	IKWGD
660	1	SPPEIN
661	1	PHQIYP
662	1	FVAPFPEVFGKEKVNELSKDIGSE
663	1	RADHRYNDLGHR
664	1	TGGGNV
665	1	ALNEINQFYQK
666	1	LKPNM
667	1	PTPVP
668	1	MPFLKSPIVPF
669	1	YIPIQY
670	1	YYAPFQ
671	1	QPLIYP
672	1	LNSPAY
673	1	VLPEI
674	1	RADHPF
675	1	VADVYVGK
676	1	KNGDGY
677	1	VKHWPW
678	1	FNVPLYEFSY
679	1	LCNGS
680	1	YQEPVL
681	1	EIAKLM
682	1	APGAP
683	1	IGKGG
684	1	LTLTDVEYPQRDMPIQ
685	1	SVAKLEK
686	1	GPVGPA
687	1	GAPGLPGP
688	1	RCPET
689	1	RPKHPIKHQGLPQEVLNEN
690	1	TFPHGP
691	1	TPEVDDEALEK
692	1	VLAQYK
693	1	NHRNRMMDHVH
694	1	AMKPW
695	1	VHRKC
696	1	KPLLCS
697	1	QKAVPYPQRDMPI
698	1	YYAPFDGIL
699	1	QTQYTDAPSFSDIPNPIGSENSEKTTMPLW
700	1	YVVFK
701	1	KVLILA
702	1	QKTAP
703	1	VSLPEW
704	1	RVPSL
705	1	RSIKGF
706	1	NAPHMR
707	1	LNVVGETVE
708	1	EGGPKP
709	1	GMKCAF
710	1	VRGPFP
711	1	GPPGPP
712	1	LNNSRAP
713	1	VIPAAY
714	1	WNLNA
715	1	PFFDPQIP
716	1	AKPEG
717	1	KFAYPQ
718	1	WSKVVL
719	1	YPLDL
720	1	GKEIIVKAQR
721	1	LKSQQ
722	1	DAQSAPLRVY
723	1	AYFYP
724	1	LGPLGHQ
725	1	LRQRQ
726	1	WNINA
727	1	PNSHP
728	1	TNGIIR
729	1	GVQGPM
730	1	EMPFPK
731	1	IPQEVLP
732	1	AGLAPY
733	1	ASVRT
734	1	SVAKL
735	1	LKVGVKQY
736	1	GPQGPTGQ
737	1	LSYCG
738	1	TPRVF
739	1	PVRAVP
740	1	VDKEA
741	1	YLAGNQ
742	1	LPVPQ
743	1	GVYPH
744	1	HPFAQ
745	1	GDLGKTTTVSNWSPPKYKDTP
746	1	RVPSLM
747	1	KAPVA
748	1	YVPFPPF
749	1	PGPLGLTGP
750	1	VHIPP
751	1	PTPAP
752	1	AFPGS
753	1	REWFTFLK
754	1	PTHIDW
755	1	PQAFP
756	1	LPYPY
757	1	HIKWGD
758	1	FQLPKF
759	1	FQKVVA
760	1	DIGYY
761	1	FFVAPFPQVFGF
762	1	KRQKYDI
763	1	LELNQ
764	1	VPPIPP
765	1	IYEGY
766	1	PSFQP
767	1	MHTDD
768	1	WYSLAM
769	1	FALPC
770	1	AKSCQ
771	1	ARHPHPHLSF
772	1	LRQSQ
773	1	VLPVPQ
774	1	REQEEL
775	1	LIDKVVK
776	1	LPQNILP
777	1	PTHIKWN
778	1	AMPKPW
779	1	LSRGQ
780	1	KRVITY
781	1	FQKPKR
782	1	TDQHQDKIYP
783	1	FVEPIP
784	1	KDQDK
785	1	VYLPQ
786	1	FALPQY
787	1	DYLRSC
788	1	GAAGGAF
789	1	AVESTVATL
790	1	VWDPPKFD
791	1	PRHQG
792	1	LHLPGP
793	1	KRQKYD
794	1	ILTKQDPYHGPF
795	1	LQPGS
796	1	PAVVRP
797	1	INYWL
798	1	DQVFPMNPPK
799	1	IRYCT
800	1	YPVEPF
801	1	SKVPP
802	1	GEGGP
803	1	IYPFVEPIPY
804	1	HPIKH
805	1	KYPVEPFTESQSLTLTDVENLHL
806	1	GKKIATYQER
807	1	ALAPE
808	1	LRRQQ
809	1	RMLGQTPWK
810	1	FKGRYYP
811	1	GPPGAP
812	1	ENLLRF
813	1	VEFEG
814	1	VKELY
815	1	VMDKPQG
816	1	SPRCR
817	1	FRADHPFL
818	1	LRCNG
819	1	DDTGHDFEDTGEAM
820	1	VYPHK
821	1	HAEIN
822	1	MIPAY
823	1	ALKAWSVAR
824	1	AKLEK
825	1	MYPGIA
826	1	DKIHP
827	1	IEKPP
828	1	GLSDGEWQ
829	1	AWLHPGAPKVF
830	1	TVVPG
831	1	IIVTQTMK
832	1	PPPVHL
833	1	VAGTWYHIRL
834	1	AVVRP
835	1	VYIHPF
836	1	GPGAGTPGGA
837	1	ASYDTKF
838	1	WYSLA
839	1	GKMVKVVSWY
840	1	ARPSR
841	1	CFCTKPC
842	1	NIIPA
843	1	RGLERA
844	1	IKPVQ
845	1	LYQKS
846	1	VKKVLGNP
847	1	YLAHK
848	1	PGPIHN
849	1	HANENIF
850	1	YAEERYPIL
851	1	IRPVQ
852	1	VKNEE
853	1	KIHPFAQAQ
854	1	YLYEIA
855	1	VVYPWT
856	1	INNQFLPYPYYAKPAAVR
857	1	PAGPR
858	1	AYTQQ
859	1	TPPAGPDGGPP
860	1	IISQETYKQ
861	1	LLQSW
862	1	LTDLENLHLP
863	1	ELEELNVPGE
864	1	IPPLTQ
865	1	ETNGQ
866	1	VVVPPF
867	1	VVGAK
868	1	TVDQHQ
